botStrategy,skillPolicy,ghostXpComboCap,xpCurveMultiplier,xpGainMultiplier,singularityTriggerKills,arenaUnlockKills,replicate,games,finalLevel,careerGhosts,widescreenRuns,campaignSeconds,campaignXp,campaignXpPerMinute,averageRunSeconds,medianRunXp,averageRunKills,averageMazesCleared,averageRunDeaths,averageDotsCollected,averageDashes,averageEmpUses,averageBastionUses,averageLaserKills,averageNovaUses,singularityRunRate,gameOverRate,deltaXpPerMinutePctVsNoSkills,deltaLevelVsNoSkills,secondsToLevel5,secondsToLevel10,secondsToLevel20,secondsToLevel35,secondsToLevel50,secondsToLevel75,secondsToLevel100,secondsTo5Ghosts,secondsTo20Ghosts,secondsTo60Ghosts,secondsTo200Ghosts,secondsTo500Ghosts,secondsTo1600Ghosts
collector,none,16,1,1,200,500,1,25,11,391,0,1610.5333333333047,64666,2409.1149929630365,64.42133333333219,2561,15.64,0,3.4,151.68,16.64,0,0,0,0,0,1,0,0,234.03333333333154,1162.8333333333148,,,,,,15.833333333333288,221.96666666666556,337.1333333333308,803.2666666666557,,
collector,none,16,1,1,200,500,2,25,11,425,0,1642.6666666666376,68089,2487.0170454545896,65.70666666666551,2581,17,0,3.4,149.6,17.96,0,0,0,0,0,1,0,0,226.63333333332815,1172.2666666666437,,,,,,25.80000000000044,87.73333333333177,257.73333333332886,856.7999999999847,,
collector,none,16,1,1,200,1600,1,25,11,391,0,1610.5333333333047,64666,2409.1149929630365,64.42133333333219,2561,15.64,0,3.4,151.68,16.64,0,0,0,0,0,1,0,0,234.03333333333154,1162.8333333333148,,,,,,15.833333333333288,221.96666666666556,337.1333333333308,803.2666666666557,,
collector,none,16,1,1,200,1600,2,25,11,425,0,1642.6666666666376,68089,2487.0170454545896,65.70666666666551,2581,17,0,3.4,149.6,17.96,0,0,0,0,0,1,0,0,226.63333333332815,1172.2666666666437,,,,,,25.80000000000044,87.73333333333177,257.73333333332886,856.7999999999847,,
collector,balanced,16,1,1,200,500,1,25,15,1030,7,2153.1333333332736,138943,3871.836393473185,86.12533333333094,4444,41.2,0.08,3.56,234.72,38.52,0,0,0,0,0,1,77.17188432342753,5.5,246.2666666666642,988.6666666666426,,,,,,15.833333333333288,208.69999999999965,265.39999999999765,638.399999999988,1320.2999999999697,
collector,balanced,16,1,1,200,500,2,25,18,1702,11,2625.9666666665817,210758,4815.552368017014,105.03866666666326,5891,68.08,0.2,3.6,320.84,45,0.56,0,0,0,0,0.96,77.17188432342753,5.5,196.23333333332732,947.6333333333104,,,,,,25.80000000000044,69.59999999999862,171.66666666666205,451.0666666666564,1113.533333333306,2496.1666666665874
collector,balanced,16,1,1,200,1600,1,25,13,804,0,1895.8333333332882,97351,3080.9986813187543,75.83333333333152,3794,32.16,0,3.48,167.08,32.24,0,0,0,0,0,1,38.28147448310686,3,246.2666666666642,988.6666666666426,,,,,,15.833333333333288,208.69999999999965,265.39999999999765,638.399999999988,1320.2999999999697,
collector,balanced,16,1,1,200,1600,2,25,15,1151,0,2305.499999999933,142078,3697.540663630556,92.21999999999733,4845,46.04,0.04,3.56,184.84,39.84,0,0,0,0,0,1,38.28147448310686,3,196.23333333332732,947.6333333333104,,,,,,25.80000000000044,69.59999999999862,171.66666666666205,451.0666666666564,1113.533333333306,
hunter,none,16,1,1,200,500,1,25,10,417,0,1054.8333333333348,48276,2745.9883077895365,42.19333333333339,1781,16.68,0,3.36,119.32,10.52,0,0,0,0,0,1,0,0,185.40000000000137,980.1000000000007,,,,,,9.166666666666645,76.00000000000125,160.66666666666788,499.20000000000084,,
hunter,none,16,1,1,200,500,2,25,10,377,0,957.4000000000066,49505,3102.4650094004382,38.29600000000026,1863,15.08,0,3.36,106.68,9.88,0,0,0,0,0,1,0,0,153.06666666666803,932.6666666666729,,,,,,14.09999999999996,70.23333333333427,148.8000000000016,474.8333333333363,,
hunter,none,16,1,1,200,1600,1,25,10,417,0,1054.8333333333348,48276,2745.9883077895365,42.19333333333339,1781,16.68,0,3.36,119.32,10.52,0,0,0,0,0,1,0,0,185.40000000000137,980.1000000000007,,,,,,9.166666666666645,76.00000000000125,160.66666666666788,499.20000000000084,,
hunter,none,16,1,1,200,1600,2,25,10,377,0,957.4000000000066,49505,3102.4650094004382,38.29600000000026,1863,15.08,0,3.36,106.68,9.88,0,0,0,0,0,1,0,0,153.06666666666803,932.6666666666729,,,,,,14.09999999999996,70.23333333333427,148.8000000000016,474.8333333333363,,
hunter,balanced,16,1,1,200,500,1,25,11,539,1,1044.766666666669,59013,3389.0629486647663,41.79066666666676,2116,21.56,0,3.4,118.52,14.12,0,0,0,0,0,1,11.839186392512168,0.5,188.03333333333455,884.1666666666664,,,,,,9.166666666666645,76.00000000000125,181.9333333333349,455.7666666666675,982.7000000000015,
hunter,balanced,16,1,1,200,500,2,25,10,406,0,964.7000000000072,50012,3110.5214056183036,38.588000000000285,1982,16.24,0,3.36,107.44,12.84,0,0,0,0,0,1,11.839186392512168,0.5,157.8000000000011,901.0000000000065,,,,,,14.09999999999996,70.23333333333427,193.00000000000165,503.533333333337,,
hunter,balanced,16,1,1,200,1600,1,25,10,531,0,1055.400000000002,57522,3270.1534963047125,42.21600000000008,2004,21.24,0,3.36,115.88,13.84,0,0,0,0,0,1,9.674037837022265,0,188.03333333333455,884.1666666666664,,,,,,9.166666666666645,76.00000000000125,181.9333333333349,455.7666666666675,982.7000000000015,
hunter,balanced,16,1,1,200,1600,2,25,10,406,0,964.7000000000072,50012,3110.5214056183036,38.588000000000285,1982,16.24,0,3.36,107.44,12.84,0,0,0,0,0,1,9.674037837022265,0,157.8000000000011,901.0000000000065,,,,,,14.09999999999996,70.23333333333427,193.00000000000165,503.533333333337,,
